timestamp,soc_percent,input_power_w,output_power_w,device_target_w,controller_target_w,control_inhibited,g1_w,g2_w,cs,cd,do,cj,md,temperature_low,temperature_high,p1,p2,o1,o2,st,bs,tc,tf,raw_payload
2026-09-25T09:57:50.266983+00:00,100.0,856.0,812.0,120.0,72.0,True,395.0,417.0,0,0,85,0,0,23.0,24.0,2,2,0,0,0,0,0,0,"p1=2,p2=2,w1=453,w2=403,pe=100,vv=116,sv=6,cs=0,cd=0,am=0,o1=0,o2=0,do=85,lv=120,cj=0,kn=2240,g1=395,g2=417,b1=0,b2=0,md=0,d1=1,e1=0:0,f1=23:59,h1=120,d2=0,e2=0:0,f2=0:0,h2=80,d3=0,e3=0:0,f3=0:0,h3=80,sg=0,sp=80,st=0,tl=23,th=24,tc=0,tf=0,fc=202512040635,id=5,a0=100,a1=0,a2=0,l0=0,l1=0,c0=255,c1=2,bc=1850,bs=0,pt=2697,it=766,m0=0,m1=0,m2=0,m3=812,d4=0,e4=0:0,f4=23:59,h4=80,d5=0,e5=0:0,f5=23:59,h5=80,lmo=1909,lmi=282,lmf=1,uv=107,sm=0,bn=0,ct_t=7,tc_dis=0,ws=-43,fktc=0"
2026-09-25T09:58:00.634363+00:00,100.0,839.0,809.0,120.0,71.77,True,441.0,368.0,0,0,85,0,0,23.0,24.0,2,2,0,0,0,0,0,0,"p1=2,p2=2,w1=463,w2=376,pe=100,vv=116,sv=6,cs=0,cd=0,am=0,o1=0,o2=0,do=85,lv=120,cj=0,kn=2240,g1=441,g2=368,b1=0,b2=0,md=0,d1=1,e1=0:0,f1=23:59,h1=120,d2=0,e2=0:0,f2=0:0,h2=80,d3=0,e3=0:0,f3=0:0,h3=80,sg=0,sp=80,st=0,tl=23,th=24,tc=0,tf=0,fc=202512040635,id=5,a0=100,a1=0,a2=0,l0=0,l1=0,c0=255,c1=2,bc=1850,bs=0,pt=2699,it=768,m0=0,m1=0,m2=0,m3=809,d4=0,e4=0:0,f4=23:59,h4=80,d5=0,e5=0:0,f5=23:59,h5=80,lmo=1909,lmi=282,lmf=1,uv=107,sm=0,bn=0,ct_t=7,tc_dis=0,ws=-43,fktc=0"
2026-09-25T09:58:11.029408+00:00,100.0,857.0,825.0,120.0,71.77,True,442.0,383.0,0,0,85,0,0,23.0,24.0,2,2,0,0,0,0,0,0,"p1=2,p2=2,w1=466,w2=391,pe=100,vv=116,sv=6,cs=0,cd=0,am=0,o1=0,o2=0,do=85,lv=120,cj=0,kn=2240,g1=442,g2=383,b1=0,b2=0,md=0,d1=1,e1=0:0,f1=23:59,h1=120,d2=0,e2=0:0,f2=0:0,h2=80,d3=0,e3=0:0,f3=0:0,h3=80,sg=0,sp=80,st=0,tl=23,th=24,tc=0,tf=0,fc=202512040635,id=5,a0=100,a1=0,a2=0,l0=0,l1=0,c0=255,c1=2,bc=1850,bs=0,pt=2702,it=771,m0=0,m1=0,m2=0,m3=825,d4=0,e4=0:0,f4=23:59,h4=80,d5=0,e5=0:0,f5=23:59,h5=80,lmo=1909,lmi=282,lmf=1,uv=107,sm=0,bn=0,ct_t=7,tc_dis=0,ws=-43,fktc=0"
2026-09-25T11:07:20.887983+00:00,100.0,838.0,807.0,120.0,180.73000000000002,True,385.0,422.0,0,0,85,0,0,24.0,24.0,2,2,0,0,0,0,0,0,"p1=2,p2=2,w1=405,w2=433,pe=100,vv=116,sv=6,cs=0,cd=0,am=0,o1=0,o2=0,do=85,lv=120,cj=0,kn=2240,g1=385,g2=422,b1=0,b2=0,md=0,d1=1,e1=0:0,f1=23:59,h1=120,d2=0,e2=0:0,f2=0:0,h2=80,d3=0,e3=0:0,f3=0:0,h3=80,sg=0,sp=80,st=0,tl=24,th=24,tc=0,tf=0,fc=202512040635,id=5,a0=100,a1=0,a2=0,l0=0,l1=0,c0=255,c1=2,bc=1850,bs=0,pt=3566,it=1635,m0=0,m1=0,m2=0,m3=807,d4=0,e4=0:0,f4=23:59,h4=80,d5=0,e5=0:0,f5=23:59,h5=80,lmo=1902,lmi=280,lmf=1,uv=107,sm=0,bn=0,ct_t=7,tc_dis=0,ws=-45,fktc=0"
2026-09-25T11:07:30.545668+00:00,100.0,829.0,797.0,120.0,193.54,True,375.0,422.0,0,0,85,0,0,24.0,24.0,2,2,0,0,0,0,0,0,"p1=2,p2=2,w1=394,w2=435,pe=100,vv=116,sv=6,cs=0,cd=0,am=0,o1=0,o2=0,do=85,lv=120,cj=0,kn=2240,g1=375,g2=422,b1=0,b2=0,md=0,d1=1,e1=0:0,f1=23:59,h1=120,d2=0,e2=0:0,f2=0:0,h2=80,d3=0,e3=0:0,f3=0:0,h3=80,sg=0,sp=80,st=0,tl=24,th=24,tc=0,tf=0,fc=202512040635,id=5,a0=100,a1=0,a2=0,l0=0,l1=0,c0=255,c1=2,bc=1850,bs=0,pt=3568,it=1637,m0=0,m1=0,m2=0,m3=798,d4=0,e4=0:0,f4=23:59,h4=80,d5=0,e5=0:0,f5=23:59,h5=80,lmo=1902,lmi=280,lmf=1,uv=107,sm=0,bn=0,ct_t=7,tc_dis=0,ws=-45,fktc=0"
2026-09-25T11:07:40.968878+00:00,100.0,827.0,797.0,120.0,217.42000000000002,True,380.0,417.0,0,0,85,0,0,24.0,24.0,2,2,0,0,0,0,0,0,"p1=2,p2=2,w1=399,w2=428,pe=100,vv=116,sv=6,cs=0,cd=0,am=0,o1=0,o2=0,do=85,lv=120,cj=0,kn=2240,g1=380,g2=417,b1=0,b2=0,md=0,d1=1,e1=0:0,f1=23:59,h1=120,d2=0,e2=0:0,f2=0:0,h2=80,d3=0,e3=0:0,f3=0:0,h3=80,sg=0,sp=80,st=0,tl=24,th=24,tc=0,tf=0,fc=202512040635,id=5,a0=100,a1=0,a2=0,l0=0,l1=0,c0=255,c1=2,bc=1850,bs=0,pt=3570,it=1639,m0=0,m1=0,m2=0,m3=797,d4=0,e4=0:0,f4=23:59,h4=80,d5=0,e5=0:0,f5=23:59,h5=80,lmo=1902,lmi=280,lmf=1,uv=107,sm=0,bn=0,ct_t=7,tc_dis=0,ws=-45,fktc=0"
2026-09-25T11:07:51.312919+00:00,100.0,823.0,794.0,120.0,217.42000000000002,True,373.0,421.0,0,0,85,0,0,24.0,24.0,2,2,0,0,0,0,0,0,"p1=2,p2=2,w1=391,w2=432,pe=100,vv=116,sv=6,cs=0,cd=0,am=0,o1=0,o2=0,do=85,lv=120,cj=0,kn=2240,g1=373,g2=421,b1=0,b2=0,md=0,d1=1,e1=0:0,f1=23:59,h1=120,d2=0,e2=0:0,f2=0:0,h2=80,d3=0,e3=0:0,f3=0:0,h3=80,sg=0,sp=80,st=0,tl=24,th=24,tc=0,tf=0,fc=202512040635,id=5,a0=100,a1=0,a2=0,l0=0,l1=0,c0=255,c1=2,bc=1850,bs=0,pt=3572,it=1641,m0=0,m1=0,m2=0,m3=794,d4=0,e4=0:0,f4=23:59,h4=80,d5=0,e5=0:0,f5=23:59,h5=80,lmo=1902,lmi=280,lmf=1,uv=107,sm=0,bn=0,ct_t=7,tc_dis=0,ws=-45,fktc=0"
2026-09-25T11:08:01.649747+00:00,100.0,836.0,803.0,120.0,245.62,True,387.0,416.0,0,0,85,0,0,24.0,24.0,2,2,0,0,0,0,0,0,"p1=2,p2=2,w1=409,w2=427,pe=100,vv=116,sv=6,cs=0,cd=0,am=0,o1=0,o2=0,do=85,lv=120,cj=0,kn=2240,g1=387,g2=416,b1=0,b2=0,md=0,d1=1,e1=0:0,f1=23:59,h1=120,d2=0,e2=0:0,f2=0:0,h2=80,d3=0,e3=0:0,f3=0:0,h3=80,sg=0,sp=80,st=0,tl=24,th=24,tc=0,tf=0,fc=202512040635,id=5,a0=100,a1=0,a2=0,l0=0,l1=0,c0=255,c1=2,bc=1850,bs=0,pt=3575,it=1644,m0=0,m1=0,m2=0,m3=803,d4=0,e4=0:0,f4=23:59,h4=80,d5=0,e5=0:0,f5=23:59,h5=80,lmo=1902,lmi=280,lmf=1,uv=107,sm=0,bn=0,ct_t=7,tc_dis=0,ws=-45,fktc=0"
2026-09-25T11:08:11.295752+00:00,100.0,844.0,820.0,120.0,265.28999999999996,True,400.0,420.0,0,0,85,0,0,24.0,24.0,2,2,0,0,0,0,0,0,"p1=2,p2=2,w1=413,w2=431,pe=100,vv=116,sv=6,cs=0,cd=0,am=0,o1=0,o2=0,do=85,lv=120,cj=0,kn=2240,g1=400,g2=420,b1=0,b2=0,md=0,d1=1,e1=0:0,f1=23:59,h1=120,d2=0,e2=0:0,f2=0:0,h2=80,d3=0,e3=0:0,f3=0:0,h3=80,sg=0,sp=80,st=0,tl=24,th=24,tc=0,tf=0,fc=202512040635,id=5,a0=100,a1=0,a2=0,l0=0,l1=0,c0=255,c1=2,bc=1850,bs=0,pt=3577,it=1646,m0=0,m1=0,m2=0,m3=820,d4=0,e4=0:0,f4=23:59,h4=80,d5=0,e5=0:0,f5=23:59,h5=80,lmo=1902,lmi=280,lmf=1,uv=107,sm=0,bn=0,ct_t=7,tc_dis=0,ws=-45,fktc=0"
2026-09-25T11:08:21.657192+00:00,100.0,842.0,811.0,120.0,265.28999999999996,True,393.0,418.0,0,0,85,0,0,24.0,24.0,2,2,0,0,0,0,0,0,"p1=2,p2=2,w1=412,w2=430,pe=100,vv=116,sv=6,cs=0,cd=0,am=0,o1=0,o2=0,do=85,lv=120,cj=0,kn=2240,g1=393,g2=418,b1=0,b2=0,md=0,d1=1,e1=0:0,f1=23:59,h1=120,d2=0,e2=0:0,f2=0:0,h2=80,d3=0,e3=0:0,f3=0:0,h3=80,sg=0,sp=80,st=0,tl=24,th=24,tc=0,tf=0,fc=202512040635,id=5,a0=100,a1=0,a2=0,l0=0,l1=0,c0=255,c1=2,bc=1850,bs=0,pt=3579,it=1648,m0=0,m1=0,m2=0,m3=811,d4=0,e4=0:0,f4=23:59,h4=80,d5=0,e5=0:0,f5=23:59,h5=80,lmo=1902,lmi=280,lmf=1,uv=107,sm=0,bn=0,ct_t=7,tc_dis=0,ws=-45,fktc=0"
2026-09-25T11:08:32.004755+00:00,100.0,851.0,819.0,120.0,308.27,True,399.0,420.0,0,0,85,0,0,24.0,24.0,2,2,0,0,0,0,0,0,"p1=2,p2=2,w1=420,w2=431,pe=100,vv=116,sv=6,cs=0,cd=0,am=0,o1=0,o2=0,do=85,lv=120,cj=0,kn=2240,g1=399,g2=420,b1=0,b2=0,md=0,d1=1,e1=0:0,f1=23:59,h1=120,d2=0,e2=0:0,f2=0:0,h2=80,d3=0,e3=0:0,f3=0:0,h3=80,sg=0,sp=80,st=0,tl=24,th=24,tc=0,tf=0,fc=202512040635,id=5,a0=100,a1=0,a2=0,l0=0,l1=0,c0=255,c1=2,bc=1850,bs=0,pt=3581,it=1650,m0=0,m1=0,m2=0,m3=819,d4=0,e4=0:0,f4=23:59,h4=80,d5=0,e5=0:0,f5=23:59,h5=80,lmo=1902,lmi=280,lmf=1,uv=107,sm=0,bn=0,ct_t=7,tc_dis=0,ws=-45,fktc=0"
2026-09-25T11:08:41.546523+00:00,100.0,849.0,823.0,120.0,285.4,True,403.0,420.0,0,0,85,0,0,24.0,24.0,2,2,0,0,0,0,0,0,"p1=2,p2=2,w1=415,w2=434,pe=100,vv=116,sv=6,cs=0,cd=0,am=0,o1=0,o2=0,do=85,lv=120,cj=0,kn=2240,g1=403,g2=420,b1=0,b2=0,md=0,d1=1,e1=0:0,f1=23:59,h1=120,d2=0,e2=0:0,f2=0:0,h2=80,d3=0,e3=0:0,f3=0:0,h3=80,sg=0,sp=80,st=0,tl=24,th=24,tc=0,tf=0,fc=202512040635,id=5,a0=100,a1=0,a2=0,l0=0,l1=0,c0=255,c1=2,bc=1850,bs=0,pt=3584,it=1653,m0=0,m1=0,m2=0,m3=823,d4=0,e4=0:0,f4=23:59,h4=80,d5=0,e5=0:0,f5=23:59,h5=80,lmo=1902,lmi=280,lmf=1,uv=107,sm=0,bn=0,ct_t=7,tc_dis=0,ws=-45,fktc=0"
2026-09-25T11:08:52.086300+00:00,100.0,853.0,822.0,120.0,285.4,True,404.0,418.0,0,0,85,0,0,24.0,24.0,2,2,0,0,0,0,0,0,"p1=2,p2=2,w1=424,w2=429,pe=100,vv=116,sv=6,cs=0,cd=0,am=0,o1=0,o2=0,do=85,lv=120,cj=0,kn=2240,g1=404,g2=418,b1=0,b2=0,md=0,d1=1,e1=0:0,f1=23:59,h1=120,d2=0,e2=0:0,f2=0:0,h2=80,d3=0,e3=0:0,f3=0:0,h3=80,sg=0,sp=80,st=0,tl=24,th=24,tc=0,tf=0,fc=202512040635,id=5,a0=100,a1=0,a2=0,l0=0,l1=0,c0=255,c1=2,bc=1850,bs=0,pt=3586,it=1655,m0=0,m1=0,m2=0,m3=822,d4=0,e4=0:0,f4=23:59,h4=80,d5=0,e5=0:0,f5=23:59,h5=80,lmo=1902,lmi=280,lmf=1,uv=107,sm=0,bn=0,ct_t=7,tc_dis=0,ws=-45,fktc=0"
2026-09-25T11:09:02.448713+00:00,100.0,852.0,819.0,120.0,280.57,True,399.0,420.0,0,0,85,0,0,24.0,24.0,2,2,0,0,0,0,0,0,"p1=2,p2=2,w1=421,w2=431,pe=100,vv=116,sv=6,cs=0,cd=0,am=0,o1=0,o2=0,do=85,lv=120,cj=0,kn=2240,g1=399,g2=420,b1=0,b2=0,md=0,d1=1,e1=0:0,f1=23:59,h1=120,d2=0,e2=0:0,f2=0:0,h2=80,d3=0,e3=0:0,f3=0:0,h3=80,sg=0,sp=80,st=0,tl=24,th=24,tc=0,tf=0,fc=202512040635,id=5,a0=100,a1=0,a2=0,l0=0,l1=0,c0=255,c1=2,bc=1850,bs=0,pt=3588,it=1657,m0=0,m1=0,m2=0,m3=819,d4=0,e4=0:0,f4=23:59,h4=80,d5=0,e5=0:0,f5=23:59,h5=80,lmo=1902,lmi=280,lmf=1,uv=107,sm=0,bn=0,ct_t=7,tc_dis=0,ws=-45,fktc=0"
2026-09-25T11:17:37.845654+00:00,100.0,820.0,792.0,120.0,800,True,394.0,398.0,0,0,85,0,0,24.0,24.0,2,2,0,0,0,0,0,0,"p1=2,p2=2,w1=412,w2=408,pe=100,vv=116,sv=6,cs=0,cd=0,am=0,o1=0,o2=0,do=85,lv=120,cj=0,kn=2240,g1=394,g2=398,b1=0,b2=0,md=0,d1=1,e1=0:0,f1=23:59,h1=120,d2=0,e2=0:0,f2=0:0,h2=80,d3=0,e3=0:0,f3=0:0,h3=80,sg=0,sp=80,st=0,tl=24,th=24,tc=0,tf=0,fc=202512040635,id=5,a0=100,a1=0,a2=0,l0=0,l1=0,c0=255,c1=2,bc=1850,bs=0,pt=3702,it=1771,m0=0,m1=0,m2=0,m3=792,d4=0,e4=0:0,f4=23:59,h4=80,d5=0,e5=0:0,f5=23:59,h5=80,lmo=1901,lmi=280,lmf=1,uv=107,sm=0,bn=0,ct_t=7,tc_dis=0,ws=-46,fktc=0"
2026-09-25T11:17:48.223177+00:00,100.0,827.0,796.0,120.0,800,True,394.0,402.0,0,0,85,0,0,24.0,24.0,2,2,0,0,0,0,0,0,"p1=2,p2=2,w1=414,w2=413,pe=100,vv=116,sv=6,cs=0,cd=0,am=0,o1=0,o2=0,do=85,lv=120,cj=0,kn=2240,g1=394,g2=402,b1=0,b2=0,md=0,d1=1,e1=0:0,f1=23:59,h1=120,d2=0,e2=0:0,f2=0:0,h2=80,d3=0,e3=0:0,f3=0:0,h3=80,sg=0,sp=80,st=0,tl=24,th=24,tc=0,tf=0,fc=202512040635,id=5,a0=100,a1=0,a2=0,l0=0,l1=0,c0=255,c1=2,bc=1850,bs=0,pt=3704,it=1773,m0=0,m1=0,m2=0,m3=796,d4=0,e4=0:0,f4=23:59,h4=80,d5=0,e5=0:0,f5=23:59,h5=80,lmo=1901,lmi=280,lmf=1,uv=107,sm=0,bn=0,ct_t=7,tc_dis=0,ws=-46,fktc=0"
2026-09-25T11:17:58.573003+00:00,100.0,832.0,802.0,120.0,800,True,394.0,408.0,0,0,85,0,0,24.0,24.0,2,2,0,0,0,0,0,0,"p1=2,p2=2,w1=414,w2=418,pe=100,vv=116,sv=6,cs=0,cd=0,am=0,o1=0,o2=0,do=85,lv=120,cj=0,kn=2240,g1=394,g2=408,b1=0,b2=0,md=0,d1=1,e1=0:0,f1=23:59,h1=120,d2=0,e2=0:0,f2=0:0,h2=80,d3=0,e3=0:0,f3=0:0,h3=80,sg=0,sp=80,st=0,tl=24,th=24,tc=0,tf=0,fc=202512040635,id=5,a0=100,a1=0,a2=0,l0=0,l1=0,c0=255,c1=2,bc=1850,bs=0,pt=3706,it=1775,m0=0,m1=0,m2=0,m3=802,d4=0,e4=0:0,f4=23:59,h4=80,d5=0,e5=0:0,f5=23:59,h5=80,lmo=1901,lmi=280,lmf=1,uv=107,sm=0,bn=0,ct_t=7,tc_dis=0,ws=-46,fktc=0"
2026-09-25T11:18:08.053012+00:00,100.0,831.0,801.0,120.0,800,True,393.0,408.0,0,0,85,0,0,24.0,24.0,2,2,0,0,0,0,0,0,"p1=2,p2=2,w1=413,w2=418,pe=100,vv=116,sv=6,cs=0,cd=0,am=0,o1=0,o2=0,do=85,lv=120,cj=0,kn=2240,g1=393,g2=408,b1=0,b2=0,md=0,d1=1,e1=0:0,f1=23:59,h1=120,d2=0,e2=0:0,f2=0:0,h2=80,d3=0,e3=0:0,f3=0:0,h3=80,sg=0,sp=80,st=0,tl=24,th=24,tc=0,tf=0,fc=202512040635,id=5,a0=100,a1=0,a2=0,l0=0,l1=0,c0=255,c1=2,bc=1850,bs=0,pt=3708,it=1777,m0=0,m1=0,m2=0,m3=801,d4=0,e4=0:0,f4=23:59,h4=80,d5=0,e5=0:0,f5=23:59,h5=80,lmo=1901,lmi=280,lmf=1,uv=107,sm=0,bn=0,ct_t=7,tc_dis=0,ws=-46,fktc=0"
2026-09-25T11:18:18.419981+00:00,100.0,832.0,801.0,120.0,800,True,390.0,411.0,0,0,85,0,0,24.0,24.0,2,2,0,0,0,0,0,0,"p1=2,p2=2,w1=410,w2=422,pe=100,vv=116,sv=6,cs=0,cd=0,am=0,o1=0,o2=0,do=85,lv=120,cj=0,kn=2240,g1=390,g2=411,b1=0,b2=0,md=0,d1=1,e1=0:0,f1=23:59,h1=120,d2=0,e2=0:0,f2=0:0,h2=80,d3=0,e3=0:0,f3=0:0,h3=80,sg=0,sp=80,st=0,tl=24,th=24,tc=0,tf=0,fc=202512040635,id=5,a0=100,a1=0,a2=0,l0=0,l1=0,c0=255,c1=2,bc=1850,bs=0,pt=3710,it=1779,m0=0,m1=0,m2=0,m3=801,d4=0,e4=0:0,f4=23:59,h4=80,d5=0,e5=0:0,f5=23:59,h5=80,lmo=1901,lmi=280,lmf=1,uv=107,sm=0,bn=0,ct_t=7,tc_dis=0,ws=-46,fktc=0"
2026-09-25T11:18:28.788445+00:00,100.0,831.0,800.0,120.0,800,True,390.0,410.0,0,0,85,0,0,24.0,24.0,2,2,0,0,0,0,0,0,"p1=2,p2=2,w1=410,w2=421,pe=100,vv=116,sv=6,cs=0,cd=0,am=0,o1=0,o2=0,do=85,lv=120,cj=0,kn=2240,g1=390,g2=410,b1=0,b2=0,md=0,d1=1,e1=0:0,f1=23:59,h1=120,d2=0,e2=0:0,f2=0:0,h2=80,d3=0,e3=0:0,f3=0:0,h3=80,sg=0,sp=80,st=0,tl=24,th=24,tc=0,tf=0,fc=202512040635,id=5,a0=100,a1=0,a2=0,l0=0,l1=0,c0=255,c1=2,bc=1850,bs=0,pt=3713,it=1782,m0=0,m1=0,m2=0,m3=800,d4=0,e4=0:0,f4=23:59,h4=80,d5=0,e5=0:0,f5=23:59,h5=80,lmo=1901,lmi=280,lmf=1,uv=107,sm=0,bn=0,ct_t=7,tc_dis=0,ws=-46,fktc=0"
2026-09-25T11:18:38.324368+00:00,100.0,816.0,786.0,120.0,800,True,377.0,409.0,0,0,85,0,0,24.0,24.0,2,2,0,0,0,0,0,0,"p1=2,p2=2,w1=396,w2=420,pe=100,vv=116,sv=6,cs=0,cd=0,am=0,o1=0,o2=0,do=85,lv=120,cj=0,kn=2240,g1=377,g2=409,b1=0,b2=0,md=0,d1=1,e1=0:0,f1=23:59,h1=120,d2=0,e2=0:0,f2=0:0,h2=80,d3=0,e3=0:0,f3=0:0,h3=80,sg=0,sp=80,st=0,tl=24,th=24,tc=0,tf=0,fc=202512040635,id=5,a0=100,a1=0,a2=0,l0=0,l1=0,c0=255,c1=2,bc=1850,bs=0,pt=3715,it=1784,m0=0,m1=0,m2=0,m3=786,d4=0,e4=0:0,f4=23:59,h4=80,d5=0,e5=0:0,f5=23:59,h5=80,lmo=1901,lmi=280,lmf=1,uv=107,sm=0,bn=0,ct_t=7,tc_dis=0,ws=-46,fktc=0"
2026-09-25T11:18:48.675020+00:00,100.0,822.0,790.0,120.0,277.51,True,384.0,406.0,0,0,85,0,0,24.0,24.0,2,2,0,0,0,0,0,0,"p1=2,p2=2,w1=404,w2=418,pe=100,vv=116,sv=6,cs=0,cd=0,am=0,o1=0,o2=0,do=85,lv=120,cj=0,kn=2240,g1=384,g2=406,b1=0,b2=0,md=0,d1=1,e1=0:0,f1=23:59,h1=120,d2=0,e2=0:0,f2=0:0,h2=80,d3=0,e3=0:0,f3=0:0,h3=80,sg=0,sp=80,st=0,tl=24,th=24,tc=0,tf=0,fc=202512040635,id=5,a0=100,a1=0,a2=0,l0=0,l1=0,c0=255,c1=2,bc=1850,bs=0,pt=3717,it=1786,m0=0,m1=0,m2=0,m3=790,d4=0,e4=0:0,f4=23:59,h4=80,d5=0,e5=0:0,f5=23:59,h5=80,lmo=1901,lmi=280,lmf=1,uv=107,sm=0,bn=0,ct_t=7,tc_dis=0,ws=-46,fktc=0"
2026-09-25T11:18:59.047891+00:00,100.0,808.0,776.0,120.0,74.49000000000001,True,368.0,408.0,0,0,85,0,0,24.0,24.0,2,2,0,0,0,0,0,0,"p1=2,p2=2,w1=387,w2=421,pe=100,vv=116,sv=6,cs=0,cd=0,am=0,o1=0,o2=0,do=85,lv=120,cj=0,kn=2240,g1=368,g2=408,b1=0,b2=0,md=0,d1=1,e1=0:0,f1=23:59,h1=120,d2=0,e2=0:0,f2=0:0,h2=80,d3=0,e3=0:0,f3=0:0,h3=80,sg=0,sp=80,st=0,tl=24,th=24,tc=0,tf=0,fc=202512040635,id=5,a0=100,a1=0,a2=0,l0=0,l1=0,c0=255,c1=2,bc=1850,bs=0,pt=3719,it=1788,m0=0,m1=0,m2=0,m3=776,d4=0,e4=0:0,f4=23:59,h4=80,d5=0,e5=0:0,f5=23:59,h5=80,lmo=1901,lmi=280,lmf=1,uv=107,sm=0,bn=0,ct_t=7,tc_dis=0,ws=-46,fktc=0"
2026-09-25T11:19:08.562442+00:00,100.0,801.0,773.0,120.0,74.49000000000001,True,367.0,406.0,0,0,85,0,0,24.0,24.0,2,2,0,0,0,0,0,0,"p1=2,p2=2,w1=385,w2=416,pe=100,vv=116,sv=6,cs=0,cd=0,am=0,o1=0,o2=0,do=85,lv=120,cj=0,kn=2240,g1=367,g2=406,b1=0,b2=0,md=0,d1=1,e1=0:0,f1=23:59,h1=120,d2=0,e2=0:0,f2=0:0,h2=80,d3=0,e3=0:0,f3=0:0,h3=80,sg=0,sp=80,st=0,tl=24,th=24,tc=0,tf=0,fc=202512040635,id=5,a0=100,a1=0,a2=0,l0=0,l1=0,c0=255,c1=2,bc=1850,bs=0,pt=3721,it=1790,m0=0,m1=0,m2=0,m3=773,d4=0,e4=0:0,f4=23:59,h4=80,d5=0,e5=0:0,f5=23:59,h5=80,lmo=1901,lmi=280,lmf=1,uv=107,sm=0,bn=0,ct_t=7,tc_dis=0,ws=-46,fktc=0"
2026-09-25T11:19:18.889934+00:00,100.0,798.0,768.0,120.0,226.84,True,359.0,409.0,0,0,85,0,0,24.0,24.0,2,2,0,0,0,0,0,0,"p1=2,p2=2,w1=378,w2=420,pe=100,vv=116,sv=6,cs=0,cd=0,am=0,o1=0,o2=0,do=85,lv=120,cj=0,kn=2240,g1=359,g2=409,b1=0,b2=0,md=0,d1=1,e1=0:0,f1=23:59,h1=120,d2=0,e2=0:0,f2=0:0,h2=80,d3=0,e3=0:0,f3=0:0,h3=80,sg=0,sp=80,st=0,tl=24,th=24,tc=0,tf=0,fc=202512040635,id=5,a0=100,a1=0,a2=0,l0=0,l1=0,c0=255,c1=2,bc=1850,bs=0,pt=3724,it=1793,m0=0,m1=0,m2=0,m3=768,d4=0,e4=0:0,f4=23:59,h4=80,d5=0,e5=0:0,f5=23:59,h5=80,lmo=1901,lmi=280,lmf=1,uv=107,sm=0,bn=0,ct_t=7,tc_dis=0,ws=-46,fktc=0"
2026-09-25T11:19:29.236572+00:00,100.0,810.0,782.0,120.0,245.95,True,380.0,402.0,0,0,85,0,0,24.0,24.0,2,2,0,0,0,0,0,0,"p1=2,p2=2,w1=399,w2=411,pe=100,vv=116,sv=6,cs=0,cd=0,am=0,o1=0,o2=0,do=85,lv=120,cj=0,kn=2240,g1=380,g2=402,b1=0,b2=0,md=0,d1=1,e1=0:0,f1=23:59,h1=120,d2=0,e2=0:0,f2=0:0,h2=80,d3=0,e3=0:0,f3=0:0,h3=80,sg=0,sp=80,st=0,tl=24,th=24,tc=0,tf=0,fc=202512040635,id=5,a0=100,a1=0,a2=0,l0=0,l1=0,c0=255,c1=2,bc=1850,bs=0,pt=3726,it=1795,m0=0,m1=0,m2=0,m3=782,d4=0,e4=0:0,f4=23:59,h4=80,d5=0,e5=0:0,f5=23:59,h5=80,lmo=1901,lmi=280,lmf=1,uv=107,sm=0,bn=0,ct_t=7,tc_dis=0,ws=-46,fktc=0"
2026-09-25T11:19:38.696298+00:00,100.0,819.0,786.0,120.0,245.95,True,383.0,403.0,0,0,85,0,0,24.0,24.0,2,2,0,0,0,0,0,0,"p1=2,p2=2,w1=404,w2=415,pe=100,vv=116,sv=6,cs=0,cd=0,am=0,o1=0,o2=0,do=85,lv=120,cj=0,kn=2240,g1=383,g2=403,b1=0,b2=0,md=0,d1=1,e1=0:0,f1=23:59,h1=120,d2=0,e2=0:0,f2=0:0,h2=80,d3=0,e3=0:0,f3=0:0,h3=80,sg=0,sp=80,st=0,tl=24,th=24,tc=0,tf=0,fc=202512040635,id=5,a0=100,a1=0,a2=0,l0=0,l1=0,c0=255,c1=2,bc=1850,bs=0,pt=3728,it=1797,m0=0,m1=0,m2=0,m3=786,d4=0,e4=0:0,f4=23:59,h4=80,d5=0,e5=0:0,f5=23:59,h5=80,lmo=1901,lmi=280,lmf=1,uv=107,sm=0,bn=0,ct_t=7,tc_dis=0,ws=-46,fktc=0"
2026-09-25T11:19:49.032400+00:00,100.0,814.0,784.0,120.0,81.0,True,382.0,402.0,0,0,85,0,0,24.0,24.0,2,2,0,0,0,0,0,0,"p1=2,p2=2,w1=401,w2=413,pe=100,vv=116,sv=6,cs=0,cd=0,am=0,o1=0,o2=0,do=85,lv=120,cj=0,kn=2240,g1=382,g2=402,b1=0,b2=0,md=0,d1=1,e1=0:0,f1=23:59,h1=120,d2=0,e2=0:0,f2=0:0,h2=80,d3=0,e3=0:0,f3=0:0,h3=80,sg=0,sp=80,st=0,tl=24,th=24,tc=0,tf=0,fc=202512040635,id=5,a0=100,a1=0,a2=0,l0=0,l1=0,c0=255,c1=2,bc=1850,bs=0,pt=3730,it=1799,m0=0,m1=0,m2=0,m3=784,d4=0,e4=0:0,f4=23:59,h4=80,d5=0,e5=0:0,f5=23:59,h5=80,lmo=1901,lmi=280,lmf=1,uv=107,sm=0,bn=0,ct_t=7,tc_dis=0,ws=-46,fktc=0"
2026-09-25T11:19:59.408300+00:00,100.0,821.0,793.0,120.0,73.62,True,387.0,406.0,0,0,85,0,0,24.0,24.0,2,2,0,0,0,0,0,0,"p1=2,p2=2,w1=406,w2=415,pe=100,vv=116,sv=6,cs=0,cd=0,am=0,o1=0,o2=0,do=85,lv=120,cj=0,kn=2240,g1=387,g2=406,b1=0,b2=0,md=0,d1=1,e1=0:0,f1=23:59,h1=120,d2=0,e2=0:0,f2=0:0,h2=80,d3=0,e3=0:0,f3=0:0,h3=80,sg=0,sp=80,st=0,tl=24,th=24,tc=0,tf=0,fc=202512040635,id=5,a0=100,a1=0,a2=0,l0=0,l1=0,c0=255,c1=2,bc=1850,bs=0,pt=3732,it=1801,m0=0,m1=0,m2=0,m3=793,d4=0,e4=0:0,f4=23:59,h4=80,d5=0,e5=0:0,f5=23:59,h5=80,lmo=1901,lmi=280,lmf=1,uv=107,sm=0,bn=0,ct_t=7,tc_dis=0,ws=-46,fktc=0"
2026-09-25T11:20:08.907668+00:00,100.0,827.0,797.0,120.0,73.62,True,388.0,409.0,0,0,85,0,0,24.0,24.0,2,2,0,0,0,0,0,0,"p1=2,p2=2,w1=408,w2=419,pe=100,vv=116,sv=6,cs=0,cd=0,am=0,o1=0,o2=0,do=85,lv=120,cj=0,kn=2240,g1=388,g2=409,b1=0,b2=0,md=0,d1=1,e1=0:0,f1=23:59,h1=120,d2=0,e2=0:0,f2=0:0,h2=80,d3=0,e3=0:0,f3=0:0,h3=80,sg=0,sp=80,st=0,tl=24,th=24,tc=0,tf=0,fc=202512040635,id=5,a0=100,a1=0,a2=0,l0=0,l1=0,c0=255,c1=2,bc=1850,bs=0,pt=3734,it=1803,m0=0,m1=0,m2=0,m3=797,d4=0,e4=0:0,f4=23:59,h4=80,d5=0,e5=0:0,f5=23:59,h5=80,lmo=1901,lmi=280,lmf=1,uv=107,sm=0,bn=0,ct_t=7,tc_dis=0,ws=-46,fktc=0"
2026-09-25T11:20:19.288057+00:00,100.0,827.0,799.0,120.0,233.20999999999998,True,391.0,408.0,0,0,85,0,0,24.0,24.0,2,2,0,0,0,0,0,0,"p1=2,p2=2,w1=409,w2=418,pe=100,vv=116,sv=6,cs=0,cd=0,am=0,o1=0,o2=0,do=85,lv=120,cj=0,kn=2240,g1=391,g2=408,b1=0,b2=0,md=0,d1=1,e1=0:0,f1=23:59,h1=120,d2=0,e2=0:0,f2=0:0,h2=80,d3=0,e3=0:0,f3=0:0,h3=80,sg=0,sp=80,st=0,tl=24,th=24,tc=0,tf=0,fc=202512040635,id=5,a0=100,a1=0,a2=0,l0=0,l1=0,c0=255,c1=2,bc=1850,bs=0,pt=3736,it=1805,m0=0,m1=0,m2=0,m3=799,d4=0,e4=0:0,f4=23:59,h4=80,d5=0,e5=0:0,f5=23:59,h5=80,lmo=1901,lmi=280,lmf=1,uv=107,sm=0,bn=0,ct_t=7,tc_dis=0,ws=-46,fktc=0"
2026-09-25T11:20:29.646935+00:00,100.0,821.0,792.0,120.0,234.35000000000002,True,389.0,403.0,0,0,85,0,0,24.0,24.0,2,2,0,0,0,0,0,0,"p1=2,p2=2,w1=408,w2=413,pe=100,vv=116,sv=6,cs=0,cd=0,am=0,o1=0,o2=0,do=85,lv=120,cj=0,kn=2240,g1=389,g2=403,b1=0,b2=0,md=0,d1=1,e1=0:0,f1=23:59,h1=120,d2=0,e2=0:0,f2=0:0,h2=80,d3=0,e3=0:0,f3=0:0,h3=80,sg=0,sp=80,st=0,tl=24,th=24,tc=0,tf=0,fc=202512040635,id=5,a0=100,a1=0,a2=0,l0=0,l1=0,c0=255,c1=2,bc=1850,bs=0,pt=3739,it=1808,m0=0,m1=0,m2=0,m3=792,d4=0,e4=0:0,f4=23:59,h4=80,d5=0,e5=0:0,f5=23:59,h5=80,lmo=1901,lmi=280,lmf=1,uv=107,sm=0,bn=0,ct_t=7,tc_dis=0,ws=-46,fktc=0"
2026-09-25T11:20:39.163227+00:00,100.0,824.0,795.0,120.0,234.35000000000002,True,388.0,407.0,0,0,85,0,0,24.0,24.0,2,2,0,0,0,0,0,0,"p1=2,p2=2,w1=407,w2=417,pe=100,vv=116,sv=6,cs=0,cd=0,am=0,o1=0,o2=0,do=85,lv=120,cj=0,kn=2240,g1=388,g2=407,b1=0,b2=0,md=0,d1=1,e1=0:0,f1=23:59,h1=120,d2=0,e2=0:0,f2=0:0,h2=80,d3=0,e3=0:0,f3=0:0,h3=80,sg=0,sp=80,st=0,tl=24,th=24,tc=0,tf=0,fc=202512040635,id=5,a0=100,a1=0,a2=0,l0=0,l1=0,c0=255,c1=2,bc=1850,bs=0,pt=3741,it=1810,m0=0,m1=0,m2=0,m3=795,d4=0,e4=0:0,f4=23:59,h4=80,d5=0,e5=0:0,f5=23:59,h5=80,lmo=1901,lmi=280,lmf=1,uv=107,sm=0,bn=0,ct_t=7,tc_dis=0,ws=-46,fktc=0"
2026-09-25T11:20:49.520018+00:00,100.0,819.0,790.0,120.0,292.18,True,384.0,406.0,0,0,85,0,0,24.0,24.0,2,2,0,0,0,0,0,0,"p1=2,p2=2,w1=403,w2=416,pe=100,vv=116,sv=6,cs=0,cd=0,am=0,o1=0,o2=0,do=85,lv=120,cj=0,kn=2240,g1=384,g2=406,b1=0,b2=0,md=0,d1=1,e1=0:0,f1=23:59,h1=120,d2=0,e2=0:0,f2=0:0,h2=80,d3=0,e3=0:0,f3=0:0,h3=80,sg=0,sp=80,st=0,tl=24,th=24,tc=0,tf=0,fc=202512040635,id=5,a0=100,a1=0,a2=0,l0=0,l1=0,c0=255,c1=2,bc=1850,bs=0,pt=3743,it=1812,m0=0,m1=0,m2=0,m3=790,d4=0,e4=0:0,f4=23:59,h4=80,d5=0,e5=0:0,f5=23:59,h5=80,lmo=1901,lmi=280,lmf=1,uv=107,sm=0,bn=0,ct_t=7,tc_dis=0,ws=-46,fktc=0"
2026-09-25T11:20:59.892702+00:00,100.0,811.0,781.0,120.0,800,True,375.0,406.0,0,0,85,0,0,24.0,24.0,2,2,0,0,0,0,0,0,"p1=2,p2=2,w1=394,w2=417,pe=100,vv=116,sv=6,cs=0,cd=0,am=0,o1=0,o2=0,do=85,lv=120,cj=0,kn=2240,g1=375,g2=406,b1=0,b2=0,md=0,d1=1,e1=0:0,f1=23:59,h1=120,d2=0,e2=0:0,f2=0:0,h2=80,d3=0,e3=0:0,f3=0:0,h3=80,sg=0,sp=80,st=0,tl=24,th=24,tc=0,tf=0,fc=202512040635,id=5,a0=100,a1=0,a2=0,l0=0,l1=0,c0=255,c1=2,bc=1850,bs=0,pt=3745,it=1814,m0=0,m1=0,m2=0,m3=781,d4=0,e4=0:0,f4=23:59,h4=80,d5=0,e5=0:0,f5=23:59,h5=80,lmo=1901,lmi=280,lmf=1,uv=107,sm=0,bn=0,ct_t=7,tc_dis=0,ws=-46,fktc=0"
